,SF,DS,XQ,FWT,BSFWT_DM,BSFWTMC,MU_ID,日平均开通窗口数,日平均票号量,窗口日平均票号量,平均办理时间,平均等待时间,日均业务量,日均服务人次,不满意数,物理窗口数,前台人数,评价率,满意率,占空比,SJSWJG_DM,XSXH,DZ
1,广东省地税,东莞市,万江办税服务厅,万江办税服务厅,24419290000,万江办税服务厅,5010044,19,234,12,2.04,16.33,479,234,0,19,22,0,0,27.3,24419000000,6326,东莞市万江区牌楼基贯诚大楼
2,广东省地税,佛山市,三水区,三水区乐平办税服务厅,24406070500,三水区乐平办税服务厅,10364,13,82,6,2.77,5.29,417,77,0,15,28,72,72,34.9,24406070000,1880,佛山市三水区乐平镇
3,广东省地税,佛山市,三水区,三水区大塘办税服务厅,24406070700,三水区大塘办税服务厅,10367,13,50,4,2.86,2.62,256,47,0,14,49,76,76,14.5,24406070000,1882,佛山市三水区大塘镇
4,广东省地税,佛山市,三水区,三水区白坭办税服务厅,24406070400,三水区白坭办税服务厅,4010243,10,33,3,1.92,0.55,127,30,0,10,19,93,93,6.9,24406070000,1879,佛山市三水区白坭镇
5,广东省地税,佛山市,三水区,西南分局办税厅,24406070100,三水西南四楼办税服务厅,101370,31,289,9,1.9,8.4,1023,137,0,31,35,76,76,28.1,24406070000,1876,佛山市三水区西南镇德兴路
6,广东省地税,佛山市,三水区,西南分局办税厅,24406070100,三水西南四楼社保办税服务厅,101372,11,101,9,1.98,11.21,356,99,0,11,19,68,68,20.5,24406070000,1876,佛山市三水区西南镇德兴路
7,广东省地税,中山市,东区,中山市东区办税服务厅,24420360003,中山市东区办税服务厅,10221,19,144,8,2.95,10.41,502,133,0,19,39,0,0,20.5,24420360000,5872,中山市兴政路1号中环广场二座
8,广东省地税,中山市,东升,中山市东升办税服务厅,24420100005,中山市东升办税服务厅,10240,10,177,18,1.49,6.9,454,125,0,10,11,0,0,21,24420100000,5659,中山市东升镇兆益路
9,广东省地税,东莞市,东坑办税服务厅,东坑办税服务厅,24419240000,东坑办税服务厅,5010050,7,50,7,2.04,3.56,155,49,0,10,13,0,0,13,24419000000,6237,东莞市东坑镇乐然街60号
10,广东省地税,东莞市,东城办税服务厅,东城办税服务厅,24419300000,东城办税服务厅,5010042,18,651,36,2.69,17.38,884,660,0,18,42,5,5,35.9,24419000000,6328,东莞市东城大道东城经济服务大楼一楼
11,广东省地税,河源市,东源县,东源城区地税分局,24416251200,东源城区地税分局,11010746,14,89,6,3.71,9.56,88,71,0,14,11,70,70,25.1,24416250000,5102,广东省河源市东源县县城行政大道
12,广东省地税,河源市,东源县,东源灯塔税务分局,24416250200,东源灯塔税务分局,11010727,4,18,5,0.51,15.61,16,18,0,4,4,74,74,2.1,24416250000,5074,东源县灯塔镇
13,广东省地税,河源市,东源县,东源船塘税务分局,24416250300,东源船塘税务分局,11010728,4,8,2,2.73,5.01,7,6,0,4,4,41,41,2.3,24416250000,5078,东源县船塘镇
14,广东省地税,河源市,东源县,东源蓝口税务分局,24416250500,东源蓝口税务分局,11010726,4,5,1,1.79,14.73,7,5,0,4,4,30,30,3.2,24416250000,5084,东源县蓝口镇
15,广东省地税,东莞市,中堂办税服务厅,中堂办税服务厅,24419010000,中堂办税服务厅,5010002,7,79,11,2.63,12.14,202,80,0,9,11,0,0,34.6,24419000000,6114,东莞市中堂镇斗朗工业大道
16,广东省地税,梅州市,丰顺县,丰顺县城区办税服务厅,24414239000,丰顺县城区办税服务厅,4110041,9,280,31,0.79,14.13,768,277,0,9,26,6,6,21.9,24414230000,4351,丰顺县汤坑镇金盘开发区中兴四路
17,广东省地税,梅州市,丰顺县,丰顺县汤西办税服务厅,24414231200,丰顺县汤西办税服务厅,4110043,2,1,1,0.48,0,27,2,0,2,7,100,100,2.2,24414230000,4331,丰顺县汤西镇颖川路
18,广东省地税,梅州市,丰顺县,丰顺县潭江办税服务厅,24414231600,丰顺县潭江办税服务厅,4110046,3,1,0,0.32,0,45,10,0,3,8,2,2,2.9,24414230000,4347,丰顺县潭江镇桥头街119号
19,广东省地税,顺德区,乐从,乐从办税服务厅,24406060700,乐从办税服务厅,6010015,12,158,13,1.91,8.59,697,151,0,14,40,22,22,42.3,24406060000,1726,顺德乐从镇河滨北路169号
20,广东省地税,韶关市,乐昌市,乐昌市坪石办税服务厅,24402250300,乐昌市坪石办税服务厅,8010303,7,9,1,0.21,10.95,236,9,0,7,9,3,3,6,24402250000,1163,韶关市
21,广东省地税,韶关市,乳源县,乳源县乳城办税服务厅,24402320200,乳源县乳城办税服务厅,10345,11,46,4,0.37,5.4,488,45,0,11,24,3,3,3.3,24402320000,1273,乳源县环城西路
22,广东省地税,云浮市,云城区,云城区南盛办税服务厅,24453020500,云城区南盛办税服务厅,10550,17,187,11,1.1,7.23,842,186,0,17,18,3,3,21.2,24453020000,5592,云浮市云城区南盛镇
23,广东省地税,梅州市,五华县,五华县华城办税服务厅,24414240100,五华县华城办税服务厅,4110050,4,1,0,0,0,2205,4,0,4,9,75,75,0,24414240000,4106,五华县高桂路
24,广东省地税,梅州市,五华县,五华县城区办税服务厅,24414249000,五华县城区办税服务厅,4110047,10,470,47,0.99,43.07,1093,387,0,10,17,1,1,27.7,24414240000,3791,五华县城镇街62号
25,广东省地税,梅州市,五华县,五华县安流办税服务厅,24414240400,五华县安流办税服务厅,4110051,2,1,1,0.56,0,69,17,0,2,5,1,1,6.3,24414240000,4115,五华县安流镇司前街42号
26,广东省地税,梅州市,五华县,五华县横陂办税服务厅,24414240300,五华县横陂办税服务厅,4110049,2,1,1,0.45,0,39,3,0,2,4,55,55,2.1,24414240000,4114,五华县横陂镇陂中路005号
27,广东省地税,梅州市,五华县,五华县河东办税服务厅,24414240200,五华县河东办税服务厅,4110048,4,1,0,0,0,122,3,0,4,7,40,40,0,24414240000,4110,五华县河东镇大新街
28,广东省地税,梅州市,五华县,五华县潭下办税服务厅,24414240800,五华县潭下办税服务厅,4110052,2,1,1,0.01,0,232,3,0,2,5,33,33,0.5,24414240000,3785,五华县双头镇工业大道50号
29,广东省地税,韶关市,仁化县,仁化县城区税务分局,24402240200,仁化县城区税务分局,10352,12,68,6,1.08,6.19,455,56,0,12,15,25,25,16.4,24402240000,1124,韶关市
30,广东省地税,广州市,从化区,吕田办税服务厅,24401840006,吕田办税服务厅,11010427,3,3,1,0.08,0.63,12,3,0,3,5,0,0,0.1,,,
31,广东省地税,广州市,从化区,太平办税服务厅,24401840002,太平办税服务厅,11010448,6,27,5,1.14,2.04,63,27,0,6,7,1,1,8.5,,,
32,广东省地税,广州市,从化区,温泉办税服务厅,24401840004,温泉办税服务厅,11010446,5,17,3,1.43,9.64,36,17,0,5,6,2,2,3.5,,,
33,广东省地税,广州市,从化区,良口办税服务厅,24401840005,良口办税服务厅,11010426,4,5,1,0.35,4.78,15,5,0,4,6,0,0,0.4,,,
34,广东省地税,广州市,从化区,街口办税服务厅,24401840100,街口办税服务厅,10408,20,177,9,1.74,2.48,397,178,0,20,32,2,2,18.6,24401840000,903,广州市从化区街口镇凤仪西一巷十栋
35,广东省地税,广州市,从化区,鳌头办税服务厅,24401840003,鳌头办税服务厅,11010447,5,19,4,1.13,2.38,42,18,0,5,5,1,1,5.2,,,
36,广东省地税,惠州市,仲恺区,仲恺区征收办税服务厅,24413931300,仲恺区征收办税服务厅,510041,12,216,18,1.71,6.87,484,164,0,12,39,0,0,18.4,24413930000,3495,
37,广东省地税,惠州市,仲恺区,仲恺区沥林税务所,24413020200,仲恺区沥林税务所,8010043,4,3,1,0,2.65,40,3,0,4,6,11,11,0,,,
38,广东省地税,惠州市,仲恺区,仲恺区陈江办税服务厅,24413930100,仲恺区陈江办税服务厅,510042,12,139,12,0.8,5.45,599,127,0,12,16,1,1,17.4,24413930000,3769,
39,广东省地税,东莞市,企石办税服务厅,企石办税服务厅,24419250000,企石办税服务厅,5010051,6,68,11,2.83,14.09,209,56,0,6,13,0,0,37.4,24419000000,6318,东莞市企石镇振兴路（公安分局前500米）
40,广东省地税,顺德区,伦教,伦教办税服务厅,24406060400,伦教办税服务厅,6010039,12,72,6,2.37,10.21,289,73,0,14,27,3,3,41.5,24406060000,1723,顺德伦教镇新丰路38号
41,广东省地税,清远市,佛冈县,佛冈县城区办税服务厅,24418210100,佛冈县城区办税服务厅,4210231,9,85,9,2.87,28.66,205,79,0,9,22,95,95,30.7,24418210000,5306,佛冈县环城东路65号
42,广东省地税,珠海市,保税区,珠海市保税区办税服务厅,24404960700,珠海市保税区办税服务厅,10272,10,82,8,1.14,4.06,308,82,0,10,20,38,38,7.6,24404960000,1,珠海市湾仔南湾南路5002号鸿景花园8栋首层
43,广东省地税,茂名市,信宜市,信宜市城区办税服务厅,24409215100,信宜市城区办税服务厅,5010176,22,257,12,0.64,10.35,1246,250,0,22,32,98,98,23,24409210000,2950,
44,广东省地税,梅州市,兴宁市,兴宁市坭陂办税服务厅,24414810600,兴宁市坭陂办税服务厅,4110025,2,1,1,0.43,0,172,41,0,2,9,0,0,16.2,24414810000,3885,兴宁市坭陂镇宫前路44号
45,广东省地税,梅州市,兴宁市,兴宁市城区办税服务厅,24414819000,兴宁市城区办税服务厅,4110021,16,393,25,0.46,83.65,998,387,0,16,31,0,0,8.6,24414810000,4179,兴宁市新城镇高华路
46,广东省地税,梅州市,兴宁市,兴宁市黄陂办税服务厅,24414810300,兴宁市黄陂办税服务厅,4110023,2,1,1,0,0,146,1,0,2,5,100,100,0,24414810000,3868,兴宁市黄陂镇石新街
47,广东省地税,梅州市,兴宁市,兴宁市龙田办税服务厅,24414810400,兴宁市龙田办税服务厅,4110024,2,1,1,0.34,0,205,7,0,2,4,1,1,9.1,24414810000,3871,兴宁市龙田镇炭子坪
48,广东省地税,东莞市,凤岗办税服务厅,凤岗办税服务厅,24419190000,凤岗办税服务厅,5010020,14,158,11,2.26,11.45,500,155,0,14,18,0,0,45.8,24419000000,6227,东莞市凤岗镇商业街政通路
49,广东省地税,顺德区,勒流,勒流办税服务厅,24406060800,勒流办税服务厅,6010012,7,104,15,2.14,6.2,313,103,0,13,24,2,2,41.1,24406060000,1727,顺德勒流银城路19号
50,广东省地税,茂名市,化州市,化州市办税服务厅,24409242500,化州市办税服务厅,5010177,14,115,8,1.09,6.79,610,114,0,14,33,88,88,24.7,24409240000,3068,化州
51,广东省地税,顺德区,北窖,北窖办税服务厅,24406060500,北窖办税服务厅,6010027,10,141,14,3.13,12.46,416,142,0,12,24,50,50,39.4,24406060000,1724,顺德北蛘蚺罾陈10号
52,广东省地税,东莞市,南城办税服务厅,南城办税服务厅,24419280000,南城办税服务厅,5010043,29,476,16,2.79,23.43,863,469,0,34,50,0,0,25.7,24419000000,6324,东莞市南城区银丰路4号
53,广东省地税,广州市,南沙开发区,广州南沙东涌办税服务厅,24401790600,广州南沙东涌办税服务厅,11010186,9,56,6,1.82,2.77,181,53,0,9,19,0,0,12.6,24401790000,1039,东涌镇
54,广东省地税,广州市,南沙开发区,广州南沙大岗办税服务厅,24401790700,广州南沙大岗办税服务厅,10467,13,99,8,2.43,5.56,323,97,0,13,26,0,0,32.5,24401790000,1046,大岗镇
55,广东省地税,广州市,南沙开发区,广州南沙第一三分局办税服务厅,24401790100,广州南沙第一三分局办税服务厅,10463,21,303,14,2.17,30.33,752,302,0,21,52,0,0,24.8,24401790000,998,广州市南沙南沙区海滨路171号
56,广东省地税,广州市,南沙开发区,广州南沙第二分局办税服务厅,24401790200,广州南沙第二分局办税服务厅,11010185,15,31,2,2.47,2.62,71,32,0,15,21,0,0,8,24401790000,1007,广州市南沙南沙区万顷沙镇新兴路76号
57,广东省地税,广州市,南沙开发区,广州南沙第四分局办税服务厅,24401790400,广州南沙第四分局办税服务厅,11010184,7,20,3,2.27,2.07,61,20,0,7,10,0,0,7.3,24401790000,1025,广州市南沙区龙穴街育才路1号
58,广东省地税,佛山市,南海区,南海区九江办税服务厅,24406051400,南海区九江办税服务厅,10333,14,92,7,2.18,12.05,412,70,0,14,38,99,99,30.3,24406050000,1845,南海市九江镇儒林新村57号
59,广东省地税,佛山市,南海区,南海区大沥办税服务厅,24406050300,南海区大沥办税服务厅,10351,17,184,11,2.13,15.24,883,171,0,17,101,98,98,41.5,24406050000,1830,南海市大沥区金融商贸区
60,广东省地税,佛山市,南海区,南海区桂城办税服务厅,24406050500,南海区桂城办税服务厅,10328,12,202,17,0.72,4.35,279,64,0,18,115,79,79,17.1,24406050000,1833,南海市桂城区海四路
61,广东省地税,佛山市,南海区,南海区狮山办税服务厅,24406051100,南海区狮山办税服务厅,10343,22,226,10,1.45,15.73,1322,164,0,22,75,92,92,35,24406050000,1839,南海市小塘镇二环路
62,广东省地税,佛山市,南海区,南海区罗村办税服务厅,24406051000,南海区罗村办税服务厅,10331,12,146,12,2.11,37.32,729,88,0,12,47,98,98,49.4,24406050000,1838,南海市罗村镇罗湖一路39号
63,广东省地税,佛山市,南海区,南海区西樵办税服务厅,24406051600,南海区西樵办税服务厅,10336,17,180,11,1.94,11.84,694,158,0,17,46,98,98,31.6,24406050000,1847,南海市西樵官山登山大道
64,广东省地税,佛山市,南海区,南海区里水办税服务厅,24406050900,南海区里水办税服务厅,10347,18,187,10,1.7,12.73,910,147,0,18,63,89,89,39.9,24406050000,1837,南海市里水镇邓岗路段
65,广东省地税,韶关市,南雄市,南雄市城区办税服务厅,24402230200,南雄市城区办税服务厅,10373,16,31,2,0.5,16.9,203,30,0,16,13,96,96,4.4,24402230000,1388,韶关市
66,广东省地税,惠州市,博罗县,博罗县公庄办税服务厅,24413221100,博罗县公庄办税服务厅,8010125,5,1,0,0,2.7,4,1,0,6,8,100,100,0,24413220000,3691,
67,广东省地税,惠州市,博罗县,博罗县园洲办税服务厅,24413220900,博罗县园洲办税服务厅,8010026,13,20,2,0.82,29.55,101,19,0,13,21,0,0,6.7,24413220000,3687,
68,广东省地税,惠州市,博罗县,博罗县湖镇办税服务厅,24413220600,博罗县湖镇办税服务厅,8010025,5,8,2,0.02,6.68,48,8,0,5,10,0,0,0,24413220000,3681,
69,广东省地税,惠州市,博罗县,博罗县石湾办税服务厅,24413220300,博罗县石湾办税服务厅,4210266,6,54,9,0.55,11.32,261,47,0,6,10,13,13,6.2,24413220000,3675,
70,广东省地税,惠州市,博罗县,博罗县罗阳办税服务厅,24413220101,博罗县罗阳办税服务厅,8010023,10,25,3,0.08,21,55,7,0,10,19,30,30,0.2,,,
71,广东省地税,惠州市,博罗县,博罗县行政服务中心办税服务厅,24413220102,博罗县行政服务中心办税服务厅,8010141,12,351,29,0.91,20.92,646,241,0,12,29,0,0,14.1,,,
72,广东省地税,惠州市,博罗县,博罗县龙溪办税服务厅,24413221500,博罗县龙溪办税服务厅,8010024,10,19,2,0.51,13.63,149,17,0,10,12,0,0,2.6,24413220000,3695,
73,广东省地税,东莞市,厚街办税服务厅,厚街办税服务厅,24419080000,厚街办税服务厅,5010009,16,304,19,2.5,10.58,665,306,0,16,40,0,0,38,24419000000,6205,东莞市厚街镇厚街大道
74,广东省地税,中山市,古镇,中山市古镇办税服务厅,24420020006,中山市古镇办税服务厅,10237,11,206,19,1.28,16.98,690,161,0,11,15,0,0,19.8,24420020000,6451,中山市古镇和兴路1号
75,广东省地税,江门市,台山市,台城办税服务厅,24407818100,台城办税服务厅,10142,19,365,19,0.82,11.54,1250,195,0,19,41,72,72,18.6,24407810000,2455,台山市东郊路31号
76,广东省地税,河源市,和平县,和平县下车分局,24416240400,和平县下车分局,11010740,3,5,2,25.82,13.96,0,3,0,3,3,63,63,0.2,24416240000,5970,和平县下车镇
77,广东省地税,河源市,和平县,和平县城区分局,24416240100,和平县城区分局,11010785,8,51,6,10.74,7.75,23,43,0,8,9,39,39,10.8,24416240000,5960,和平县福和大道
78,广东省地税,河源市,和平县,和平县彭寨分局,24416240600,和平县彭寨分局,11010741,3,5,2,0,71.13,0,3,0,3,3,100,100,0,24416240000,5977,和平县彭寨镇
79,广东省地税,肇庆市,四会市,四会市地豆办税服务厅,24412840500,四会市地豆办税服务厅,4210086,4,3,1,0.05,11.38,60,3,0,4,6,18,18,0.2,24412840000,3914,四会市地豆镇
80,广东省地税,肇庆市,四会市,四会市城区办税服务厅,24412840100,四会市城区办税服务厅,4210028,22,273,12,1.08,8.11,1481,272,0,22,35,53,53,38.3,24412840000,3212,四会市行政中心
81,广东省地税,肇庆市,四会市,四会市大沙办税服务厅,24412840200,四会市大沙办税服务厅,4210085,6,7,1,0.08,6.65,111,6,0,6,8,26,26,0.5,24412840000,3904,四会市大沙镇
82,广东省地税,肇庆市,四会市,四会市江谷办税服务厅,24412840400,四会市江谷办税服务厅,4210087,3,2,1,4.24,20.57,45,2,0,3,6,0,0,23.5,24412840000,3911,四会市江谷镇
83,广东省地税,顺德区,均安,均安办税服务厅,24406061100,均安办税服务厅,6010018,7,67,10,1.29,8.17,259,66,0,7,15,18,18,16.3,24406060000,1730,顺德均安镇永安路2号
84,广东省地税,中山市,坦洲,中山市坦洲办税服务厅,24420240004,中山市坦洲办税服务厅,10243,10,342,34,1.53,16.91,709,236,0,10,13,0,0,22.4,24420240000,5765,中山市坦洲镇坦神北路89号
85,广东省地税,中山市,城区,中山市城区办税服务厅,24420380003,中山市城区办税服务厅,10219,18,267,15,1.92,9.99,871,240,0,18,26,0,0,22.1,24420380000,5886,中山市兴中道45号
86,广东省地税,东莞市,塘厦办税服务厅,塘厦办税服务厅,24419180000,塘厦办税服务厅,5010019,15,285,19,2.8,32.58,352,281,0,17,20,0,0,27.5,24419000000,6225,东莞市塘厦镇行政新区塘福路6号
87,广东省地税,广州市,增城区,仙村办税服务厅,24401830300,仙村办税服务厅,11010460,11,29,3,1.79,3.52,53,29,0,11,7,0,0,8.7,24401830000,1085,(待定)
88,广东省地税,广州市,增城区,永和办税服务厅,24401830600,永和办税服务厅,11010461,6,98,16,1.62,2.82,142,97,0,11,9,0,0,16.2,24401830000,710,增城市永和新新公路44号
89,广东省地税,广州市,增城区,派潭办税服务厅,24401830900,派潭办税服务厅,11010459,10,27,3,1.62,3.61,76,20,0,10,9,0,0,13.5,24401830000,725,(待定)
90,广东省地税,惠州市,大亚湾,大亚湾澳头办税服务厅,24413010100,大亚湾澳头办税服务厅,510021,19,448,24,0.49,10.61,1235,339,0,19,28,0,0,10.1,24413010000,3948,
91,广东省地税,惠州市,大亚湾,大亚湾霞涌办税服务厅,24413010200,大亚湾霞涌办税服务厅,8010022,5,33,7,1.21,9.49,174,29,0,5,10,98,98,12.7,24413010000,3949,
92,广东省地税,广州市,大企业局,大企业局,24401000023,大企业局,11010504,5,68,14,2.37,8.21,100,66,0,5,7,0,0,10.4,,,
93,广东省地税,顺德区,大企业征收管理局,大企业征收管理办税服务厅,24406063000,大企业征收管理办税服务厅,6010101,3,1,0,0.19,0,58,5,0,3,8,6,6,1.1,24406060000,1741,顺德伦教镇新丰路38号
94,广东省地税,梅州市,大埔县,大埔县城区办税服务厅,24414229000,大埔县城区办税服务厅,4110036,12,527,44,0.52,20.65,1476,383,0,12,24,31,31,21.9,24414220000,4306,大埔县湖寮镇虎山路
95,广东省地税,梅州市,大埔县,大埔县大麻办税服务厅,24414220400,大埔县大麻办税服务厅,4110040,2,1,1,0,0,22,1,0,2,7,0,0,0,24414220000,4294,大埔县大麻镇牛岗坪
96,广东省地税,梅州市,大埔县,大埔县枫朗办税服务厅,24414220200,大埔县枫朗办税服务厅,4110038,2,1,1,0.3,0,66,9,0,2,6,96,96,3.8,24414220000,4285,大埔县枫朗镇枫朗街
97,广东省地税,梅州市,大埔县,大埔县茶阳办税服务厅,24414220500,大埔县茶阳办税服务厅,4110037,1,1,1,0.19,0,162,19,0,3,7,6,6,7.8,24414220000,4298,大埔县茶阳镇
98,广东省地税,梅州市,大埔县,大埔县高陂办税服务厅,24414220300,大埔县高陂办税服务厅,4110039,4,1,0,0.12,0,87,6,0,4,9,76,76,1.2,24414220000,4289,大埔县高陂镇乌槎开发区
99,广东省地税,东莞市,大岭山办税服务厅,大岭山办税服务厅,24419130000,大岭山办税服务厅,5010014,12,299,25,1.87,26.69,507,272,0,12,16,0,0,39.3,24419000000,6215,东莞市大岭山镇教育路农场路段
100,广东省地税,东莞市,大朗办税服务厅,大朗办税服务厅,24419140000,大朗办税服务厅,5010015,10,181,18,2.05,7.05,478,165,0,12,16,0,0,36.1,24419000000,6217,东莞市大朗镇政通路68号
101,广东省地税,顺德区,大良,大良办税服务厅,24406060200,大良办税服务厅,6010024,21,220,10,2.07,13.39,923,220,0,25,53,10,10,32.5,24406060000,1722,顺德大良区东康路41、43、45号
102,广东省地税,顺德区,大良,大良行政中心,24406060200,大良行政中心,6010025,13,49,4,2.06,18.47,322,48,0,13,17,0,0,18.2,24406060000,1722,顺德大良区东康路41、43、45号
103,广东省地税,广州市,天河区,员村办税服务厅,24401060061,员村办税服务厅,10285,22,514,23,2.87,16.49,645,513,0,25,59,0,0,17.9,24401060000,1,
104,广东省地税,广州市,天河区,珠江新城办税服务厅,24401060060,珠江新城办税服务厅,10278,56,1028,18,3.38,16.86,1439,1030,0,58,181,1,1,25.4,24401060000,1,
105,广东省地税,广州市,天河区,龙洞办税服务厅,24401060062,龙洞办税服务厅,10291,19,286,15,2.85,6.31,356,286,0,21,35,0,0,20.8,24401060000,1,
106,广东省地税,韶关市,始兴县,始兴县城区地方税务局,24402220200,始兴县城区地方税务局,10386,16,66,4,0.67,2.39,492,65,0,16,18,64,64,21.9,24402220000,1356,韶关市
107,广东省地税,顺德区,容桂,容桂办税服务厅,24406060100,容桂办税服务厅,6010033,21,208,10,2.51,18.53,987,208,0,21,41,10,10,54.5,24406060000,1721,顺德容桂镇文华路8号
108,广东省地税,东莞市,寮步办税服务厅,寮步办税服务厅,24419120000,寮步办税服务厅,5010013,12,283,24,2.18,7.87,529,271,0,13,26,0,0,29.8,24419000000,6213,东莞市寮步镇行政中心区
109,广东省地税,肇庆市,封开县,封开县南丰办税服务厅,24412250600,封开县南丰办税服务厅,4210064,6,3,1,0.15,4.29,50,3,0,6,9,0,0,0.9,24412250000,3222,封开县南丰镇
110,广东省地税,肇庆市,封开县,封开县城区办税服务厅,24412250100,封开县城区办税服务厅,4210025,10,110,11,1.45,24.65,364,85,0,10,22,0,0,22.2,24412250000,3407,封开县江口镇青果场开发区
111,广东省地税,肇庆市,封开县,封开县渔涝办税服务厅,24412250400,封开县渔涝办税服务厅,4210063,2,4,2,0.09,15.06,21,4,0,6,10,0,0,0.3,24412250000,3422,封开县渔涝镇
112,广东省地税,中山市,小榄,中山市小榄办税服务厅,24420010007,中山市小榄办税服务厅,10228,19,174,9,1.03,5.8,861,162,0,19,25,0,0,16.4,24420010000,6442,中山市小榄镇民安中路39号
113,广东省地税,东莞市,常平办税服务厅,常平办税服务厅,24419210000,常平办税服务厅,5010022,15,268,18,2.31,45.87,559,271,0,15,17,0,0,37.6,24419000000,6231,东莞市常平镇下中元街86号
114,广东省地税,梅州市,平远县,平远县东石办税服务厅,24414260200,平远县东石办税服务厅,4110035,1,1,1,0.41,0,73,5,0,2,5,26,26,6,24414260000,3811,平远县东石镇新东四街10号
115,广东省地税,梅州市,平远县,平远县城区办税服务厅,24414269000,平远县城区办税服务厅,4110033,5,151,30,0.67,4.26,538,147,0,10,33,5,5,17.3,24414260000,4211,平远县平城中路86号
116,广东省地税,梅州市,平远县,平远县河头办税服务厅,24414260600,平远县河头办税服务厅,4110034,1,1,1,0,0,0,6,0,2,5,65,65,0,24414260000,4207,平远县河头镇河头圩供销街
117,广东省地税,肇庆市,广宁县,广宁县城区办税服务厅,24412230100,广宁县城区办税服务厅,4210026,13,139,11,1.18,4.63,551,131,0,13,38,25,25,16.9,24412230000,3602,广宁县南街镇强信路23路
118,广东省地税,肇庆市,广宁县,广宁县石涧办税服务厅,24412230300,广宁县石涧办税服务厅,4210030,6,2,0,0.04,19.34,47,2,0,6,14,0,0,0.7,24412230000,3613,广宁县石涧镇
119,广东省地税,广州市,广州开发区,广州开发区九龙办税服务厅,24401970600,广州开发区九龙办税服务厅,11010204,7,29,4,0.8,2.58,102,28,0,9,13,3,3,7.8,24401970000,1,
120,广东省地税,广州市,广州开发区,广州开发区永和区办税服务厅,24401970300,广州开发区永和区办税服务厅,11010187,10,24,2,0.69,1.9,71,24,0,10,10,0,0,4.9,24401970000,529,(待定)
121,广东省地税,广州市,广州开发区,广州开发区萝岗办税服务厅,24401970400,广州开发区萝岗办税服务厅,10432,11,100,9,1.87,5.4,252,100,0,11,16,0,0,21.4,24401970000,540,(待定)
122,广东省地税,广州市,广州开发区,广州开发区西区办税服务厅,24401970500,广州开发区西区办税服务厅,10426,17,126,7,1.92,3.03,291,127,0,19,37,1,1,18.8,24401970000,551,(待定)
123,广东省地税,广州市,广州开发区,广州开发区高新区办税服务厅,24401970100,广州开发区高新区办税服务厅,10429,14,111,8,1.67,9.1,255,111,0,14,31,0,0,11.1,24401970000,513,(待定)
124,广东省地税,中山市,开发区,中山市开发区办税服务厅,24420980005,中山市开发区办税服务厅,10233,15,315,21,2.33,45.04,763,257,0,15,30,0,0,25,24420980000,5985,中山市火炬开发区康乐大道
125,广东省地税,潮州市,开发区,潮州市发区办税服务厅,24451970100,潮州市发区办税服务厅,10523,6,8,1,1.19,38.79,62,8,0,6,11,3,3,12.6,24451970000,4884,潮州大道凤新东路
126,广东省地税,江门市,开平市,开平城区办税服务厅,24407830200,开平城区办税服务厅,10123,15,238,16,2.37,16.28,411,208,0,23,88,12,12,22,24407830000,2047,
127,广东省地税,肇庆市,德庆县,德庆县城区办税服务厅,24412260100,德庆县城区办税服务厅,4210023,12,107,9,2.13,6.76,211,92,0,12,16,12,12,19.1,24412260000,3243,德庆县德城镇康城大道东12号
128,广东省地税,肇庆市,德庆县,德庆县悦城办税服务厅,24412260400,德庆县悦城办税服务厅,4210024,5,5,1,0.73,9.33,11,4,0,5,8,52,52,0.2,24412260000,3434,德庆县悦城镇
129,广东省地税,肇庆市,德庆县,德庆县莫村办税服务厅,24412260300,德庆县莫村办税服务厅,4210029,6,4,1,0.47,0.93,36,4,0,6,6,78,78,1.7,,,
130,广东省地税,肇庆市,怀集县,怀集县城区办税服务厅,24412240100,怀集县城区办税服务厅,4210027,13,153,12,1.02,5.74,523,146,0,15,26,94,94,13.1,24412240000,3643,怀集县怀城红光路123号
131,广东省地税,江门市,恩平市,恩平市城区分局办税服务厅,24407850100,恩平市城区分局办税服务厅,10264,15,127,8,2.4,33.93,413,91,0,20,31,89,89,21.2,24407850000,1974,恩平市小岛管区锦安街2号
132,广东省地税,江门市,恩平市,恩平市大槐分局横陂组办税服务厅,24407850200,恩平市大槐分局横陂组办税服务厅,11010266,0,1,1,0,0,74,1,0,2,4,100,100,0,24407851200,1983,恩平市横陂镇
133,广东省地税,江门市,恩平市,恩平市沙湖分局办税服务厅,24407851400,恩平市沙湖分局办税服务厅,11010305,0,1,1,0,0,8,2,0,4,5,50,50,0,24407850000,1995,
134,广东省地税,惠州市,惠东县,惠东县吉隆办税服务厅,24413230900,惠东县吉隆办税服务厅,8010034,6,17,3,0.42,5.55,124,17,0,6,8,83,83,1.6,24413230000,3556,
135,广东省地税,惠州市,惠东县,惠东县多祝办税服务厅,24413230800,惠东县多祝办税服务厅,8010028,6,7,1,0,5.57,0,7,0,6,10,79,79,0,24413230000,3546,
136,广东省地税,惠州市,惠东县,惠东县大岭办税服务厅,24413230200,惠东县大岭办税服务厅,8010031,6,7,1,0.18,11.92,155,6,0,6,10,0,0,0.6,24413230000,3716,
137,广东省地税,惠州市,惠东县,惠东县巽寮办税服务厅,24413230603,惠东县巽寮办税服务厅,8010161,5,16,3,1.3,3.88,79,14,0,5,10,94,94,5.3,,,
138,广东省地税,惠州市,惠东县,惠东县平山办税服务厅,24413230100,惠东县平山办税服务厅,510027,16,297,19,0.74,8.72,971,250,0,16,20,0,0,14.7,24413230000,3713,
139,广东省地税,惠州市,惠东县,惠东县平海办税服务厅,24413230700,惠东县平海办税服务厅,8010032,7,16,2,0.21,10.63,155,15,0,7,9,1,1,0.6,24413230000,3543,
140,广东省地税,惠州市,惠东县,惠东县白花办税服务厅,24413230300,惠东县白花办税服务厅,8010030,6,21,4,0.64,4.53,100,20,0,6,18,47,47,3.3,24413230000,3534,
141,广东省地税,惠州市,惠东县,惠东县稔山办税服务厅,24413230600,惠东县稔山办税服务厅,8010029,7,21,3,0.49,24.92,197,15,0,7,11,0,0,5.6,24413230000,3539,
142,广东省地税,惠州市,惠东县,惠东县黄埠办税服务厅,24413230500,惠东县黄埠办税服务厅,8010033,6,12,2,0.99,17.46,57,9,0,6,23,8,8,5,,,
143,广东省地税,惠州市,惠城区,惠城区小金口办税服务厅,24413022400,惠城区小金口办税服务厅,8010013,5,49,10,1.38,15.62,110,46,0,7,11,0,0,11.5,24413020000,4005,
144,广东省地税,惠州市,惠城区,惠城区水口办税服务厅,24413022200,惠城区水口办税服务厅,8010014,9,36,4,0.5,17.79,96,13,0,9,13,0,0,2.1,24413020000,3989,
145,广东省地税,惠州市,惠城区,惠城区江北办税服务厅,24413022500,惠城区江北办税服务厅,510011,12,437,36,0.43,48,913,170,0,12,15,0,0,14.5,24413020000,4011,
146,广东省地税,惠州市,惠城区,惠城区江南办税服务厅,24413022300,惠城区江南办税服务厅,510010,20,502,25,0.38,14.22,947,482,0,20,23,0,0,8.5,24413020000,3996,
147,广东省地税,惠州市,惠城区,惠城区河南岸办税服务厅一厅,24413022101,惠城区河南岸办税服务厅一厅,510009,20,748,37,0.48,36.22,2105,607,0,20,39,0,0,14.9,,,
148,广东省地税,惠州市,惠城区,惠城区河南岸办税服务厅二厅,24413022102,惠城区河南岸办税服务厅二厅,510012,11,212,19,1.11,8.54,304,181,0,11,24,0,0,10.2,,,
149,广东省地税,揭阳市,惠来县,惠来县惠城办税服务厅,24452240000,惠来县惠城办税服务厅,11010345,4,34,9,0.51,6.35,248,34,0,4,9,86,86,6.9,,,
150,广东省地税,揭阳市,惠来县,惠来县隆江分局,24452240400,惠来县隆江分局,11010626,2,4,2,0.09,2.73,57,3,0,2,6,77,77,0.3,24452240000,5104,惠来县隆江镇朱埔桥头
151,广东省地税,惠州市,惠阳区,惠阳区开发区办税服务厅,24413810300,惠阳区开发区办税服务厅,8010126,9,30,3,0.81,2.89,75,27,0,9,12,6,6,2.2,24413810000,3738,
152,广东省地税,惠州市,惠阳区,惠阳区新圩办税服务厅,24413810200,惠阳区新圩办税服务厅,510020,9,81,9,1.11,11.48,188,58,0,9,14,0,0,9.1,24413810000,3737,
153,广东省地税,惠州市,惠阳区,惠阳区淡水办税服务厅,24413810100,惠阳区淡水办税服务厅,510017,17,643,38,0.87,37.5,962,367,0,17,31,0,0,17.3,24413810000,3735,
154,广东省地税,惠州市,惠阳区,惠阳区秋长办税服务厅,24413810500,惠阳区秋长办税服务厅,8010018,8,60,8,0.81,10.42,162,41,0,8,13,1,1,1.4,24413810000,3740,
155,广东省地税,惠州市,惠阳区,惠阳区镇隆办税服务厅,24413810600,惠阳区镇隆办税服务厅,8010019,7,23,3,1.19,3.94,95,20,0,7,9,0,0,3.7,24413810000,3741,
156,广东省地税,珠海市,拱北,珠海市拱北吉大办税服务厅,24404901400,珠海市拱北吉大办税服务厅,10564,20,215,11,1.36,12.37,626,207,0,20,45,0,0,8.4,24404900000,1,珠海市吉大景园路34号
157,广东省地税,珠海市,拱北,珠海市拱北夏湾办税服务厅,24404901300,珠海市拱北夏湾办税服务厅,10565,17,230,14,0.94,14.88,950,202,0,17,34,1,1,13.3,24404900000,1,珠海市拱北夏湾港昌路405号
158,广东省地税,揭阳市,揭东区,揭东区埔田办税服务厅,24452212300,揭东区埔田办税服务厅,11010684,4,7,2,4.21,1.91,14,7,0,4,3,29,29,3.2,24452210000,5014,揭东区埔田镇
159,广东省地税,揭阳市,揭东区,揭东区开发区办税服务厅,24452212500,揭东区开发区办税服务厅,11010704,2,4,2,2.64,6.38,8,4,0,2,2,81,81,1.6,24452210000,5018,揭东区开发区
160,广东省地税,揭阳市,揭东区,揭东区曲溪办税服务厅,24452211600,揭东区曲溪办税服务厅,11010425,3,4,1,0.12,40.28,73,4,0,3,6,8,8,0.2,24452210000,5005,揭东区206国道北侧
161,广东省地税,揭阳市,揭西县,揭西县棉湖办税服务厅,24452220800,揭西县棉湖办税服务厅,11010373,3,6,2,0,1.53,54,3,0,3,6,33,33,0,24452220000,5066,揭西县棉湖镇
162,广东省地税,揭阳市,揭西县,揭西县河婆办税厅,24452220200,揭西县河婆办税厅,11010651,3,9,3,0.49,4.59,71,9,0,3,4,62,62,1.4,24452220000,5042,揭西县河婆镇
163,广东省地税,珠海市,斗门区,珠海市城区办税服务厅,24404210200,珠海市城区办税服务厅,6010265,21,267,13,2.2,14.07,973,241,0,21,31,53,53,30.5,24404210000,1,
164,广东省地税,韶关市,新丰县,新丰县城区办税服务厅,24402330200,新丰县城区办税服务厅,10335,9,57,6,0.54,8.33,419,46,0,9,16,31,31,7.3,24402330000,1305,新丰县丰城镇新龙大道43号
165,广东省地税,江门市,新会区,新会区今古洲办税服务厅,24407824000,新会区今古洲办税服务厅,10042,16,361,23,0.46,21.48,4034,329,0,16,41,90,90,23.8,24407820000,2480,江门市新会区三和大道南156号
166,广东省地税,云浮市,新兴县,新兴县新城办税服务厅,24453210100,新兴县新城办税服务厅,10556,16,201,13,1.41,9.78,608,196,0,16,27,4,4,21.9,24453210000,5686,云浮市新兴县新城镇
168,广东省地税,揭阳市,普宁市,普宁市流沙办税服务厅,24452810100,普宁市流沙办税服务厅,10506,7,19,3,0.19,14.66,285,19,0,7,12,87,87,1.3,24452810000,5139,普宁市流沙西园5幢
169,广东省地税,韶关市,曲江区,曲江区马坝办税服务厅,24402210200,曲江区马坝办税服务厅,10381,9,118,13,0.65,8.31,627,86,0,9,30,26,26,9.6,24402210000,1335,韶关市
170,广东省地税,东莞市,望牛墩办税服务厅,望牛墩办税服务厅,24419020000,望牛墩办税服务厅,5010003,9,25,3,1.87,5.84,105,23,0,9,13,0,0,8.6,24419000000,6116,东莞市望牛墩镇宝华路（镇影剧院斜对面）
171,广东省地税,顺德区,杏坛,杏坛办税服务厅,24406061000,杏坛办税服务厅,6010021,10,60,6,2.93,6.98,211,59,0,10,17,28,28,31.5,24406060000,1729,顺德区杏坛镇杏龙路
172,广东省地税,东莞市,松山湖办税服务厅,松山湖办税服务厅,24419100000,松山湖办税服务厅,5010011,6,78,13,2.62,7.82,209,78,0,12,19,0,0,35.6,24419000000,6209,东莞市松山湖管委会B1栋一楼
173,广东省地税,潮州市,枫溪区,枫溪地方税务服务厅,24451980100,枫溪地方税务服务厅,11010771,5,12,2,5.66,5.1,4,11,0,5,8,81,81,2.2,24451980000,4899,潮州市池湖鳗场路
174,广东省地税,东莞市,桥头办税服务厅,桥头办税服务厅,24419220000,桥头办税服务厅,5010047,9,86,10,1.8,13.95,265,76,0,9,12,0,0,38.1,24419000000,6233,东莞市桥头镇工业大道北
175,广东省地税,梅州市,梅县区,梅县区丙雁办税服务厅,24414210300,梅县区丙雁办税服务厅,4110028,2,1,1,0.09,0,59,7,0,2,8,8,8,0.7,24414210000,4076,梅县丙村镇
176,广东省地税,梅州市,梅县区,梅县区南口办税服务厅,24414210800,梅县区南口办税服务厅,4110027,4,64,16,1.08,5.27,272,61,0,6,9,0,0,21.5,24414210000,3779,梅县南口镇开发区国道旁
177,广东省地税,梅州市,梅县区,梅县区城东办税服务厅,24414210200,梅县区城东办税服务厅,4110029,2,1,1,0.22,0,88,9,0,4,8,75,75,3.3,24414210000,4072,梅县城东镇竹洋
178,广东省地税,梅州市,梅县区,梅县区城区办税服务厅,24414219000,梅县区城区办税服务厅,4110026,7,413,59,0.94,12.68,797,324,0,10,24,0,0,22.7,24414210000,4259,梅县程江螺旋湖
179,广东省地税,梅州市,梅县区,梅县区大坪办税服务厅,24414210900,梅县区大坪办税服务厅,4110031,1,1,1,0.28,0,60,8,0,2,5,19,19,3,24414210000,4252,梅县大坪镇农民街国泰西路
180,广东省地税,梅州市,梅县区,梅县区松口办税服务厅,24414210400,梅县区松口办税服务厅,4110032,1,1,1,0.11,0,56,3,0,4,6,9,9,0.9,24414210000,4083,梅县松口镇裕华大道
181,广东省地税,梅州市,梅县区,梅县区畲江办税服务厅,24414210700,梅县区畲江办税服务厅,4110030,3,1,0,1.04,0,11,6,0,3,6,97,97,1.1,24414210000,3775,梅县畲江镇六横街
182,广东省地税,梅州市,梅江区,梅江区办税服务厅,24414020000,梅江区办税服务厅,4110001,24,684,29,0.76,24.23,3608,591,0,24,58,1,1,34,,,
183,广东省地税,揭阳市,榕城区,榕城区,24452020200,榕城区,10499,21,178,8,1.07,6.97,669,147,0,21,2,56,56,6.8,24452020000,4946,榕城区仙桥镇紫泰路中段
184,广东省地税,揭阳市,榕城区,榕城区东山办税服务厅,24452020400,榕城区东山办税服务厅,10502,11,99,9,1.18,7,417,76,0,11,12,66,66,8.8,24452020000,4957,揭阳市榕城区同心路中段
185,广东省地税,揭阳市,榕城区,榕城区仙桥办税服务厅,24452020000,榕城区仙桥办税服务厅,11010664,2,6,3,2.44,2.9,10,5,0,2,2,49,49,1.4,,,
186,广东省地税,揭阳市,榕城区,榕城区城区办税服务厅,24452020300,榕城区城区办税服务厅,10501,6,78,13,0.86,7,262,68,0,6,10,46,46,11.9,24452020000,4949,揭阳市榕城区同心路中段
187,广东省地税,揭阳市,榕城区,榕城区梅云办税服务厅,24452020100,榕城区梅云办税服务厅,11010646,2,4,2,3.37,4.93,3,3,0,2,2,73,73,0.1,24452020000,4943,榕城区梅云镇中路大围村
188,广东省地税,东莞市,樟木头办税服务厅,樟木头办税服务厅,24419160000,樟木头办税服务厅,5010017,7,142,20,1.49,31.61,514,147,0,9,14,0,0,45.9,24419000000,6221,东莞市樟木头镇维多利大道37号
189,广东省地税,东莞市,横沥办税服务厅,横沥办税服务厅,24419230000,横沥办税服务厅,5010048,7,103,15,2,10.55,345,104,0,7,10,1,1,25.8,24419000000,6235,东莞市横沥镇中山路裕宁工业区
190,广东省地税,韶关市,武江区,武江区西河办税服务厅,24402030800,武江区西河办税服务厅,10357,12,180,15,1.11,14,472,155,0,12,16,1,1,10.4,24402030000,812,
191,广东省地税,韶关市,武江区,武江区西联办税服务厅,24402030700,武江区西联办税服务厅,10361,8,50,6,1.48,8.52,171,48,0,8,11,86,86,8.4,24402030000,811,
192,广东省地税,汕尾市,汕尾城区,汕尾市城区第一办税服务厅,24415910100,汕尾市城区第一办税服务厅,10327,10,18,2,0.28,8.13,176,8,0,10,13,57,57,1.4,24415910000,4586,汕尾大道华信商贸大厦
193,广东省地税,汕尾市,汕尾城区,汕尾市城区第二办税服务厅,24415910200,汕尾市城区第二办税服务厅,10329,10,169,17,0.52,3.64,381,130,0,10,17,81,81,4.5,24415910000,4587,汕尾大道华信商贸大厦
194,广东省地税,阳江市,江城区,阳江市江城区城北办税服务厅,24417020600,阳江市江城区城北办税服务厅,10375,16,250,16,0.69,4.52,939,234,0,16,20,56,56,14,24417020000,5635,票证管理虚拟机构
195,广东省地税,阳江市,江城区,阳江市江城区城南办税服务厅,24417020200,阳江市江城区城南办税服务厅,10374,14,240,17,0.52,7.75,1048,227,0,14,21,1,1,19.4,24417020000,5631,阳江市创业路33号
196,广东省地税,江门市,江海区,江海办税服务厅,24407041009,江海办税服务厅,10006,14,146,10,1.45,10.55,409,146,0,14,29,7,7,19.4,24407040000,1,
197,广东省地税,东莞市,沙田办税服务厅,沙田办税服务厅,24419090000,沙田办税服务厅,5010010,10,97,10,2.02,18.1,324,97,0,10,11,0,0,43.8,24419000000,6207,东莞市沙田镇中心区沙太二路
198,广东省地税,东莞市,洪梅办税服务厅,洪梅办税服务厅,24419070000,洪梅办税服务厅,5010008,6,24,4,3.31,1.83,66,26,0,7,8,1,1,7.2,24419000000,6203,东莞市洪梅镇桥东路20号
199,广东省地税,韶关市,浈江区,浈江区犁市办税服务厅,24402040600,浈江区犁市办税服务厅,11010205,4,2,1,0.15,26.73,27,2,0,4,6,36,36,0.4,24402040000,822,韶关市
200,广东省地税,韶关市,浈江区,浈江区风采办税服务厅,24402040900,浈江区风采办税服务厅,10379,18,290,16,0.69,11.06,1323,228,0,18,32,66,66,15.1,24402040000,1,
201,广东省地税,汕尾市,海丰县,汕尾市海丰县办税服务厅,24415210100,汕尾市海丰县办税服务厅,10334,19,107,6,0.37,3.55,746,77,0,19,17,1,1,6.1,24415210000,4655,汕尾市海丰县红城大道西地税大楼
202,广东省地税,广州市,海珠区,海珠办税服务厅,24401050012,海珠办税服务厅,10262,59,850,14,1.98,15.43,1972,852,0,59,156,2,2,25.3,24401050000,265,广州大道南917号一楼征收大厅综合办税窗口
203,广东省地税,清远市,清城区,清城区凤城办税服务厅,24418020300,清城区凤城办税服务厅,10542,23,281,12,0.91,28.46,1549,329,0,23,52,66,66,24.7,24418020000,5171,清远市清城区
204,广东省地税,清远市,清城区,清城区洲心办税服务厅,24418020400,清城区洲心办税服务厅,10546,29,311,11,1.6,29.25,928,311,0,29,58,99,99,26.2,24418020000,5174,清远市清城区
205,广东省地税,清远市,清新区,清新区办税服务厅,24418270100,清新区办税服务厅,10551,12,229,19,0.94,17.31,1331,204,0,14,35,97,97,31.8,24418270000,4676,清新县玄真路63号
206,广东省地税,东莞市,清溪办税服务厅,清溪办税服务厅,24419170000,清溪办税服务厅,5010018,13,158,12,1.67,5.66,362,156,0,13,14,0,0,18.9,24419000000,6223,东莞市清溪镇行政中心区（财经大厦后面）
207,广东省地税,清远市,清远经济开发区,清远开发区源潭办税服务厅,24418970200,清远开发区源潭办税服务厅,11010268,8,35,4,0.63,15.16,180,34,0,8,6,91,91,6.3,24418970000,5544,清远市清城区源潭镇
208,广东省地税,清远市,清远经济开发区,清远开发区石角办税服务厅,24418970300,清远开发区石角办税服务厅,11010267,6,46,8,1.12,20.27,227,36,0,6,6,99,99,13,24418970000,5545,清远市清城区石角镇
209,广东省地税,清远市,清远经济开发区,清远开发区龙塘办税服务厅,24418970100,清远开发区龙塘办税服务厅,10539,11,74,7,1.17,7.38,261,53,0,11,17,96,96,8.2,24418970000,5540,清远市新城滨江路
210,广东省地税,潮州市,湘桥区,湘桥区城东办税服务厅,24451021500,湘桥区城东办税服务厅,10516,11,32,3,0.43,14.09,796,29,0,11,10,0,0,18.2,24451020000,5933,潮州市桥东东山路中段
211,广东省地税,河源市,源城区,埔前地税分局,24416020200,埔前地税分局,11010736,3,16,5,7.89,53.4,6,8,0,12,2,15,15,5.5,24416020000,4564,河源埔前镇福田路9号
212,广东省地税,河源市,源城区,源城区城区办税服务厅,24416020019,源城区城区办税服务厅,10393,9,263,29,0.98,14.37,819,211,0,12,18,6,6,18.2,24416020000,4556,源城区东江湾一期商铺
213,广东省地税,河源市,源城区,源城区源南第一征收办税服务厅,24416020300,源城区源南第一征收办税服务厅,10392,9,163,18,1.04,3.22,582,147,0,10,11,10,10,17.6,24416020000,4565,河源大道北322号
214,广东省地税,茂名市,滨海新区,滨海新区七迳地税办税服务厅,24409035300,滨海新区七迳地税办税服务厅,11010604,4,6,2,0.21,6.06,36,6,0,4,3,66,66,0.3,24409030000,3199,
215,广东省地税,茂名市,滨海新区,茂名市滨海新区电城办税服务厅,24409035500,茂名市滨海新区电城办税服务厅,11010270,5,37,7,0.66,8.29,172,35,0,5,12,94,94,6.2,24409030000,1,
216,广东省地税,汕头市,潮南区,潮南区城区办税服务厅,24405141100,潮南区城区办税服务厅,10322,11,1,0,0,81.13,0,1,0,11,10,100,100,0,24405140000,1,潮南区峡山街道金光南路中段
217,广东省地税,汕头市,潮阳区,潮阳区城区办税服务厅,24405131000,潮阳区城区办税服务厅,10315,11,47,4,0.95,28.07,155,35,0,11,19,66,66,5.4,24405130000,1,潮阳棉城新华西路
218,广东省地税,汕头市,澄海区,澄海区城区办税服务厅,24405151200,澄海区城区办税服务厅,10309,18,35,2,0.7,35.28,174,27,0,22,21,11,11,1.9,24405150000,1,澄海区德政路澄海地方税务局
219,广东省地税,汕头市,濠江区,濠江区城区办税服务厅,24405121500,濠江区城区办税服务厅,6010263,5,3,1,0.12,1.13,109,2,0,5,10,50,50,0.4,24405120000,1,
220,广东省地税,茂名市,电白区,茂名市电白区水东办税服务厅,24409235100,茂名市电白区水东办税服务厅,5010179,18,165,9,0.91,9.27,875,165,0,18,26,95,95,35.2,24409230000,2994,
221,广东省地税,广州市,番禺区,南村办税服务厅,24401130400,南村办税服务厅,10391,15,212,14,2.46,11.09,718,203,0,18,30,0,0,37.1,24401130000,685,(待定)
222,广东省地税,广州市,番禺区,城区办税服务厅,24401130100,城区办税服务厅,10388,29,396,14,1.58,27.32,1395,352,0,38,39,2,2,27.9,24401130000,667,(待定)
223,广东省地税,广州市,番禺区,大石办税服务厅,24401130300,大石办税服务厅,10394,15,258,17,1.96,11.28,1077,242,0,20,38,1,1,36.9,24401130000,680,(待定)
224,广东省地税,广州市,番禺区,沙湾办税服务厅,24401130700,沙湾办税服务厅,10402,11,171,16,1.36,9.07,579,167,0,11,16,6,6,23.5,24401130000,42,(待定)
225,广东省地税,广州市,番禺区,石基办税服务厅,24401130600,石基办税服务厅,10397,13,192,15,1.63,6.82,666,192,0,14,19,3,3,28.3,24401130000,37,(待定)
226,广东省地税,广州市,番禺区,石楼办税服务厅,24401130500,石楼办税服务厅,10400,7,82,12,1.91,5.12,214,81,0,8,11,0,0,18.6,24401130000,692,(待定)
227,广东省地税,广州市,番禺区,罗家办税服务厅,24401130100,罗家办税服务厅,10389,15,124,8,2.21,13.36,1011,122,0,15,20,0,0,38.4,24401130000,667,(待定)
228,广东省地税,广州市,白云区,三元里办税服务厅,24401110200,三元里办税服务厅,10318,29,510,18,2.1,9.15,942,538,1,29,51,58,57,26,24401110000,621,(待定)
229,广东省地税,广州市,白云区,人和办税服务厅,24401110003,人和办税服务厅,11010555,4,49,12,2.31,5.79,141,49,0,6,6,0,0,18.7,,,
230,广东省地税,广州市,白云区,同和办税服务厅,24401110800,同和办税服务厅,10344,16,137,9,1.53,4.59,356,133,0,16,29,6,6,7.9,24401110000,627,(待定)
231,广东省地税,广州市,白云区,太和办税服务厅,24401110900,太和办税服务厅,10338,6,94,16,1.76,3.41,384,94,0,7,27,2,2,27.8,24401110000,628,(待定)
232,广东省地税,广州市,白云区,江高办税服务厅,24401110004,江高办税服务厅,11010556,6,49,8,1.54,1.67,102,49,0,7,13,0,0,6.9,,,
233,广东省地税,广州市,白云区,石井办税服务厅,24401110400,石井办税服务厅,10325,12,239,20,1.5,7.96,625,239,0,16,48,3,3,18.6,24401110000,623,(待定)
234,广东省地税,广州市,白云区,竹料办税服务厅,24401110001,竹料办税服务厅,11010553,4,34,9,0.79,2.36,127,33,0,4,10,0,0,5.2,,,
235,广东省地税,广州市,白云区,钟落潭办税服务厅,24401110002,钟落潭办税服务厅,11010554,5,26,5,1.1,1.98,112,25,0,6,11,1,1,10.2,,,
236,广东省地税,东莞市,石排办税服务厅,石排办税服务厅,24419260000,石排办税服务厅,5010052,6,95,16,1.68,15.13,295,69,0,9,11,0,0,29.9,24419000000,6320,东莞市石排镇公园南路
237,广东省地税,东莞市,石碣办税服务厅,石碣办税服务厅,24419050000,石碣办税服务厅,5010006,9,136,15,2.14,5.89,380,136,0,15,16,0,0,32.3,24419000000,6122,东莞市石碣镇新城区东风南路43号
238,广东省地税,东莞市,石龙办税服务厅,石龙办税服务厅,24419320000,石龙办税服务厅,5010045,10,54,5,1.26,11.07,210,46,0,10,14,0,0,22.4,24419000000,6332,东莞市石龙镇西湖中路60号
239,广东省地税,佛山市,禅城区,禅城区一门式办税服务厅,,禅城区一门式办税服务厅,11010734,26,254,10,6.75,34.57,208,196,0,29,40,43,43,10,,,
240,广东省地税,佛山市,禅城区,禅城区办税服务厅,24406048000,禅城区办税服务厅,10308,63,582,9,2.39,4.07,2281,563,0,63,129,93,93,40.2,24406040000,2168,佛山市禅城区魁奇路澜石（国际）金属交易中心4楼
241,广东省地税,佛山市,禅城区,禅城区南庄办税服务厅,24406042500,禅城区南庄办税服务厅,10313,6,108,18,2.04,3.49,392,101,0,16,13,93,93,33.9,24406040000,2158,佛山市禅城区南庄镇南庄大道西10号
242,广东省地税,揭阳市,空港经济区,空港经济区渔湖办税服务厅,24452970001,空港经济区渔湖办税服务厅,11010369,1,3,3,0.12,19.46,121,3,0,1,4,92,92,1.3,,,
243,广东省地税,肇庆市,端州区,端州区城西办税服务厅,24412020100,端州区城西办税服务厅,4210068,52,407,8,1.34,3.75,1850,379,0,52,85,26,26,19.9,24412020000,3265,肇庆市东湖三路中源名都21号楼首层（砚都大道侧）
244,广东省地税,肇庆市,端州区,端州区契税征收办税服务厅,24412020009,端州区契税征收办税服务厅,4210083,13,183,14,2.26,5.5,559,118,0,13,19,24,24,25.9,,,
245,广东省地税,肇庆市,端州区,端州区车船税征收办税服务厅,24412020008,端州区车船税征收办税服务厅,4210082,9,128,14,0.76,1,536,124,0,9,14,0,0,10.2,,,
246,广东省地税,河源市,紫金县,紫金县临江分局,24416210700,紫金县临江分局,11010733,4,6,2,0.88,12.49,10,5,0,4,6,67,67,2.9,24416210000,4981,紫金县临江镇
247,广东省地税,河源市,紫金县,紫金县古竹分局,24416210400,紫金县古竹分局,11010732,3,23,8,0.89,15.75,10,11,0,3,6,73,73,1.7,24416210000,4972,紫金县古竹镇
248,广东省地税,河源市,紫金县,紫金县城区办税服务厅,24416210100,紫金县城区办税服务厅,10396,9,90,10,1.02,4.11,474,85,0,9,9,12,12,25.1,24416210000,4961,紫金县金山大道
249,广东省地税,河源市,紫金县,紫金县蓝塘分局,24416210600,紫金县蓝塘分局,11010767,3,7,2,1.22,16.97,10,7,0,3,4,63,63,2.5,24416210000,4978,紫金县蓝塘镇
250,广东省地税,河源市,紫金县,紫金县龙窝分局,24416210300,紫金县龙窝分局,11010768,2,8,4,0,6.17,35,6,0,3,2,83,83,0,24416210000,4969,紫金县龙窝镇
251,广东省地税,珠海市,经济技术开发区,珠海经济技术开发区办税服务厅,24404990800,珠海经济技术开发区办税服务厅,10284,9,40,4,1.38,7.28,152,36,0,9,19,14,14,7,24404990000,1,珠海市平沙镇升平大道东336号一层
252,广东省地税,珠海市,经济技术开发区,珠海经济技术开发区平沙办税服务厅,24404990700,珠海经济技术开发区平沙办税服务厅,10288,9,56,6,1.73,10.05,195,51,0,9,11,60,60,12.2,24404990000,1,珠海市平沙镇升平大道东336号一层
253,广东省地税,云浮市,罗定市,罗定市附城办税服务厅,24453810500,罗定市附城办税服务厅,10552,18,274,15,1.63,4.12,521,259,0,18,23,1,1,13.5,24453810000,6357,罗定市附城镇
254,广东省地税,韶关市,翁源县,翁源县城区办税服务厅,24402290200,翁源县城区办税服务厅,10368,9,71,8,0.85,51.14,292,63,0,9,12,73,73,14.6,24402290000,858,韶关市
255,广东省地税,广州市,花都区,炭步办税服务厅,24401140300,炭步办税服务厅,11010273,5,17,3,0.84,2.45,51,17,0,6,6,1,1,4,24401140000,93,(待定)
256,广东省地税,广州市,花都区,狮岭办税服务厅,24401140500,狮岭办税服务厅,10382,9,82,9,1.56,2.84,255,81,0,9,13,7,7,14.7,24401140000,99,(待定)
257,广东省地税,广州市,花都区,花东办税服务厅,24401140700,花东办税服务厅,10384,12,30,3,1.53,1.66,102,30,0,12,12,1,1,6.8,24401140000,109,(待定)
258,广东省地税,广州市,花都区,花山办税服务厅,24401140600,花山办税服务厅,11010272,7,30,4,0.99,2.73,82,30,0,7,9,0,0,6.4,24401140000,104,(待定)
260,广东省地税,广州市,花都区,赤坭办税服务厅,24401140400,赤坭办税服务厅,11010274,7,15,2,1.26,2.54,32,15,0,7,6,3,3,3.5,24401140000,96,(待定)
261,广东省地税,清远市,英德市,英德市城区办税服务厅,24418810100,英德市城区办税服务厅,10554,12,121,10,1.74,17.09,377,111,0,12,27,57,57,23.6,24418810000,6297,英德市英城镇
262,广东省地税,茂名市,茂南区,茂南区河东办税服务厅,24409021500,茂南区河东办税服务厅,5010175,26,370,14,1.05,8.8,1670,355,0,26,37,3,3,25.5,24409020000,1,
263,广东省地税,茂名市,茂南区,茂南区河西办税服务厅,24409021600,茂南区河西办税服务厅,11010228,6,62,10,0.46,2.44,552,62,0,6,6,86,86,13.7,24409020000,1,
264,广东省地税,东莞市,茶山办税服务厅,茶山办税服务厅,24419270000,茶山办税服务厅,5010053,12,106,9,2.15,8.18,270,110,0,12,13,1,1,18.5,24419000000,6322,东莞市茶山镇茶山大道中198号
265,广东省地税,广州市,荔湾区,荔湾第二办税服务厅,24401030015,荔湾第二办税服务厅,10269,49,535,11,2.16,14.98,1200,519,0,59,130,0,0,13.7,24401030000,218,广州市浣花西路1号
266,广东省地税,东莞市,莞城办税服务厅,莞城办税服务厅,24419310000,莞城办税服务厅,5010041,13,218,17,2.08,15.03,469,216,0,18,33,0,0,24.3,24419000000,6330,东莞市东城西路191号莞城办事中心内
267,广东省地税,揭阳市,蓝城区,揭阳蓝城区磐东办税服务厅,24452960001,揭阳蓝城区磐东办税服务厅,11010405,2,8,4,0.36,12.41,103,7,0,2,4,99,99,3.5,,,
268,广东省地税,江门市,蓬江区,江门市国地税联合办税服务厅,,江门市国地税联合办税服务厅,11010743,70,10,0,0.4,24.65,1,3,0,70,42,50,50,0.4,,,
269,广东省地税,江门市,蓬江区,蓬江区个体办税服务厅,24407031100,蓬江区个体办税服务厅,4010004,11,180,16,0.95,23.65,984,113,0,11,12,4,4,24.3,,,
270,广东省地税,江门市,蓬江区,蓬江区办税服务厅,24407031200,蓬江区办税服务厅,4010003,11,254,23,1.72,21.97,617,219,0,17,28,2,2,25.9,24407030000,2365,
271,广东省地税,梅州市,蕉华工业园区,梅州市蕉华地税办税服务厅,24414960004,梅州市蕉华地税办税服务厅,4110061,1,1,1,0.13,0,51,4,0,1,2,96,96,0.6,24414960000,4621,
272,广东省地税,梅州市,蕉岭县,蕉岭县蕉城办税服务厅,24414279000,蕉岭县蕉城办税服务厅,4110062,13,292,22,0.7,13.21,848,249,0,13,19,0,0,17.6,24414270000,3839,蕉岭县蕉城镇溪峰西路
273,广东省地税,东莞市,虎门办税服务厅,虎门办税服务厅,24419330000,虎门办税服务厅,5010046,19,328,17,1.3,6.94,729,326,0,19,38,1,1,29.3,24419000000,6334,东莞市虎门镇行政小区
274,广东省地税,中山市,西区,中山市西区办税服务厅,24420370003,中山市西区办税服务厅,10226,13,142,11,1.76,24.18,585,135,0,13,19,0,0,21.4,24420370000,5880,中山市升华路16号
275,广东省地税,东莞市,谢岗办税服务厅,谢岗办税服务厅,24419200000,谢岗办税服务厅,5010021,6,52,9,2.32,4.3,99,57,0,7,8,0,0,11.6,24419000000,6229,东莞市谢岗镇振兴路
276,广东省地税,湛江市,赤坎区,赤坎区办税服务厅,24408020006,赤坎区办税服务厅,10442,25,234,9,2.47,66.86,836,200,0,25,33,0,0,44.3,24408020000,2503,
277,广东省地税,广州市,越秀区,越秀区国地税办税厅,24401040007,越秀区国地税办税厅,10247,90,1114,12,2.72,22.16,1983,1222,0,103,164,0,0,17.8,24401040000,1,广州市诗书路9号
278,广东省地税,清远市,连州市,连州市城区办税服务厅,24418820100,连州市城区办税服务厅,10557,12,195,16,0.82,26.32,1054,190,0,12,18,99,99,36.5,24418820000,6421,连州市湟川中路49号
279,广东省地税,河源市,连平县,忠信税务分局,24416230200,忠信税务分局,11010738,6,24,4,8.59,6.43,8,23,0,6,3,48,48,8,24416230000,5852,连平县忠信镇
280,广东省地税,河源市,连平县,连平县城区税务分局,24416230800,连平县城区税务分局,11010737,16,49,3,2.04,25.54,18,47,0,16,6,70,70,3,24416230000,5941,连平县九连新城
281,广东省地税,河源市,连平县,隆街税务分局,24416230600,隆街税务分局,11010784,4,6,2,0,21.4,0,3,0,4,3,83,83,0,24416230000,5862,连平县隆街镇
282,广东省地税,湛江市,遂溪县,遂溪县遂城办税服务厅,24408231000,遂溪县遂城办税服务厅,10464,8,1,0,0,0.46,5,1,0,8,7,100,100,0,24408230000,2535,
283,广东省地税,东莞市,道虬焖胺务厅,道虬焖胺务厅,24419060000,道虬焖胺务厅,5010007,12,97,8,2.1,1.62,225,99,0,12,13,0,0,17.7,24419000000,6124,道蛘蚯哦大街
284,广东省地税,云浮市,郁南县,郁南县城区办税服务厅,24453220100,郁南县城区办税服务厅,10560,12,133,11,1.68,4.46,438,116,0,12,28,46,46,20.6,24453220000,5800,云浮市郁南县都城镇
285,广东省地税,珠海市,金湾区,珠海市三灶办税服务厅,24404040700,珠海市三灶办税服务厅,10218,12,77,6,1.47,6.93,355,77,0,12,22,52,52,11.8,24404040000,1,
286,广东省地税,珠海市,金湾区,珠海市红旗办税服务厅,24404040800,珠海市红旗办税服务厅,10248,12,80,7,1.75,5.34,355,82,0,12,19,0,0,12.9,24404040000,1,
287,广东省地税,东莞市,长安办税服务厅,长安办税服务厅,24419110000,长安办税服务厅,5010012,20,414,21,1.88,7.36,769,331,0,20,34,0,0,26.4,24419000000,6211,东莞市长安镇长怡路
288,广东省地税,阳江市,阳东区,阳江市阳东区东城办税服务厅,24417230100,阳江市阳东区东城办税服务厅,10428,9,70,8,1.12,17.22,285,42,0,9,16,26,26,30.4,24417230000,5372,阳江市阳东区城湖滨西路
289,广东省地税,清远市,阳山县,阳山县小江办税服务厅,24418230400,阳山县小江办税服务厅,10559,12,150,13,0.59,10.75,663,147,0,12,24,99,99,14.8,24418230000,6078,阳山县小江镇石螺
290,广东省地税,阳江市,阳春市,阳春市春城办税服务厅,24417810100,阳春市春城办税服务厅,10423,14,123,9,1.03,5.19,523,99,0,14,24,0,0,17.6,24417810000,5506,阳春市迎宾大道站前花园1号
291,广东省地税,阳江市,阳西县,阳江市阳西县城区办税服务厅,24417210100,阳江市阳西县城区办税服务厅,10436,7,75,11,1.06,9.55,320,63,0,7,15,49,49,14.2,24417210000,5235,阳西县织T镇镇安路23号
292,广东省地税,汕尾市,陆丰市,陆丰市内湖分局,24415210000,陆丰市内湖分局,11010808,4,6,2,0,17.17,0,5,0,4,3,40,40,0,,,
293,广东省地税,汕尾市,陆丰市,陆丰市南塘分局,24415210000,陆丰市南塘分局,11010809,4,6,2,0,34.05,0,2,0,4,8,100,100,0,,,
294,广东省地税,汕尾市,陆丰市,陆丰市博美分局,24415210000,陆丰市博美分局,11010805,3,7,2,0.05,1.28,1,4,0,3,4,0,0,0,,,
295,广东省地税,汕尾市,陆丰市,陆丰市大安分局,24415210000,陆丰市大安分局,11010807,2,3,2,0,7.25,0,2,0,2,3,17,17,0,,,
296,广东省地税,汕尾市,陆丰市,陆丰市星都分局,24415210000,陆丰市星都分局,11010804,5,4,1,0,6.98,0,1,0,5,3,0,0,0,,,
297,广东省地税,汕尾市,陆丰市,陆丰市甲子分局,24415210000,陆丰市甲子分局,11010742,4,6,2,0,21.92,0,2,0,4,6,0,0,0,,,
298,广东省地税,汕尾市,陆丰市,陆丰市碣石分局,24415210000,陆丰市碣石分局,11010806,4,4,1,0,14.55,0,4,0,4,4,75,75,0,,,
299,广东省地税,汕尾市,陆河县,汕尾市陆河县办税服务厅,24415230100,汕尾市陆河县办税服务厅,10346,10,74,7,0.35,6.36,603,69,0,10,17,0,0,16,24415230000,4403,陆河县城人民北路
300,广东省地税,顺德区,陈村,陈村办税服务厅,24406060600,陈村办税服务厅,6010036,9,63,7,2.02,13.61,251,62,0,10,28,6,6,53.7,24406060000,1725,陈村政和路路口
301,广东省地税,湛江市,霞山区,霞山区办税服务厅,24408030010,霞山区办税服务厅,10445,26,260,10,1.82,10.29,1081,250,0,31,44,33,33,24.3,24408030000,2241,
302,广东省地税,潮州市,饶平县,饶平县城区办税服务厅,24451221100,饶平县城区办税服务厅,10528,9,42,5,0.8,27.31,163,30,0,9,15,54,54,13.4,24451220000,4761,饶平县城六号路口
303,广东省地税,珠海市,香洲区,珠海市香洲办税服务厅,24404020008,珠海市香洲办税服务厅,10255,21,226,11,0.99,16,832,191,0,21,38,0,0,17.2,24404020000,1,珠海市香洲兴华143号
304,广东省地税,珠海市,香洲区,珠海市香洲区社保费征收办税服务厅,24404020009,珠海市香洲区社保费征收办税服务厅,6010242,12,336,28,1.16,1.94,906,335,0,12,30,0,0,21.8,24404020000,1,珠海市香洲兴华143号
305,广东省地税,东莞市,高栋焖胺务厅,高栋焖胺务厅,24419040000,高栋焖胺务厅,5010005,11,65,6,2.7,8.73,174,64,0,11,11,0,0,29.4,24419000000,6120,东莞市高墩蛘裥四下152号
306,广东省地税,茂名市,高州市,高州市城区办税服务厅,24409225100,高州市城区办税服务厅,5010178,15,168,11,0.5,6.59,1302,168,0,15,19,1,1,19.5,24409220000,2646,
307,广东省地税,河源市,高新区,高新区城区地税分局,24416010005,高新区城区地税分局,11010725,3,14,5,2.1,19.71,15,14,0,3,9,61,61,2.2,24416010000,4532,广晟花园商业广场A区二楼
308,广东省地税,珠海市,高新区,城区分局,24404980900,城区分局,11010650,26,135,5,0.82,9.78,135,135,0,26,38,0,0,0,24404980000,1,珠海市高新区软件园路1号南方软件园A3栋8层
309,广东省地税,肇庆市,高新区,高新区大旺办税厅,24412040001,高新区大旺办税厅,4210061,12,178,15,0.55,17.65,462,150,0,12,34,2,2,7.5,24412040000,3585,
310,广东省地税,佛山市,高明区,高明区明城办税服务厅,24406081400,高明区明城办税服务厅,4210268,3,37,12,1.37,8.51,93,37,0,5,18,96,96,12.2,24406080000,1910,佛山市高明区明城镇
311,广东省地税,佛山市,高明区,高明区更合办税服务厅,24406081500,高明区更合办税服务厅,4210267,4,10,3,1.47,3.44,49,9,0,6,18,92,92,4.9,24406080000,1911,佛山市高明区更合镇
312,广东省地税,佛山市,高明区,高明区杨和办税服务厅,24406081300,高明区杨和办税服务厅,4210269,9,32,4,2.51,3.61,71,32,0,9,15,92,92,10.2,24406080000,1906,佛山市高明区杨和镇
313,广东省地税,佛山市,高明区,高明区荷城办税服务厅,24406081100,高明区荷城办税服务厅,10356,14,144,10,1.48,3.44,421,144,0,17,36,85,85,30.9,24406080000,1902,佛山市高明区西安河江太华路
314,广东省地税,肇庆市,高要市,高要市城区办税服务厅,24412830100,高要市城区办税服务厅,4210008,12,173,14,1.55,5.43,436,165,0,12,31,8,8,24.5,24412830000,3460,高要市城区和平路90号
315,广东省地税,肇庆市,高要市,高要市新桥办税服务厅,24412830300,高要市新桥办税服务厅,4210031,7,37,5,0.49,1.98,160,36,0,8,16,3,3,4.3,24412830000,3473,高要市新桥镇开发区
316,广东省地税,肇庆市,高要市,高要市白土办税服务厅,24412830400,高要市白土办税服务厅,4210021,7,33,5,1.06,5.54,125,33,0,7,14,1,1,6.9,24412830000,3478,高要市白土镇镇标广场综合楼
317,广东省地税,肇庆市,高要市,高要市禄步办税服务厅,24412830200,高要市禄步办税服务厅,4210084,8,23,3,0.69,2.31,144,21,0,8,13,89,89,5,24412830000,3467,高要市禄步镇文明北路26号
318,广东省地税,肇庆市,高要市,高要市金利办税服务厅,24412830500,高要市金利办税服务厅,4210022,7,69,10,0.66,5.03,400,55,0,7,12,57,57,19.6,24412830000,3482,高要市金利镇永庆西路105号
319,广东省地税,江门市,鹤山市,鹤山市办税服务厅,24407840300,鹤山市办税服务厅,10102,19,205,11,0.8,15.43,1340,181,0,19,31,92,92,30.4,24407840000,1943,
320,广东省地税,东莞市,麻涌办税服务厅,麻涌办税服务厅,24419030000,麻涌办税服务厅,5010004,10,60,6,2.78,8.18,190,58,0,10,13,0,0,16.7,24419000000,6118,东莞市麻涌镇中麻公路东太路段
321,广东省地税,湛江市,麻章区,麻章区办税服务厅,24408110900,麻章区办税服务厅,10453,5,51,10,0.83,8.42,172,38,0,10,10,0,0,12.1,24408110000,2874,
322,广东省地税,广州市,黄埔区,黄埔办税服务厅,24401120007,黄埔办税服务厅,10355,23,190,8,0.63,6.47,1123,185,0,23,32,0,0,12.8,24401120000,638,广州市大沙东路260号
323,广东省地税,广州市,黄埔区,黄埔区南岗所办税服务厅,24401120100,黄埔区南岗所办税服务厅,11010552,5,32,6,0.8,4.33,113,31,0,5,9,1,1,2.8,24401120000,650,(待定)
324,广东省地税,广州市,黄埔区,黄埔区契税点办税服务厅,24401120007,黄埔区契税点办税服务厅,11010585,6,1,0,0,5.25,29,1,0,6,8,0,0,0,24401120000,638,广州市大沙东路260号
325,广东省地税,广州市,黄埔区,黄埔区长洲所办税服务厅,24401120200,黄埔区长洲所办税服务厅,11010584,4,9,2,2.61,1.71,18,9,0,4,3,39,39,6.4,24401120000,651,(待定)
326,广东省地税,东莞市,黄江办税服务厅,黄江办税服务厅,24419150000,黄江办税服务厅,5010016,9,130,14,2.46,16.56,371,128,0,10,16,1,1,44.8,24419000000,6219,东莞市黄江镇黄江大道190号
327,广东省地税,肇庆市,鼎湖区,鼎湖区征收办税服务厅,24412030003,鼎湖区征收办税服务厅,4210042,10,74,7,1.27,4.03,267,65,0,10,30,12,12,13,,,
328,广东省地税,河源市,龙川县,龙川县城区分局,24416220100,龙川县城区分局,11010731,11,107,10,3.82,9.31,105,95,0,11,11,17,17,12.1,24416220000,5729,龙川县老隆镇龙川大道73号
329,广东省地税,河源市,龙川县,龙川县麻布岗分局,24416221000,龙川县麻布岗分局,11010765,3,10,3,1.27,15.89,5,7,0,3,4,70,70,0.4,24416220000,5758,龙川县麻布山岗镇街道
330,广东省地税,顺德区,龙江,龙江办税服务厅,24406060900,龙江办税服务厅,6010030,8,165,21,0.82,25.17,1177,162,0,9,27,3,3,57.7,24406060000,1728,顺德龙江镇人民北路46号
331,广东省地税,汕头市,龙湖区,龙湖区城区办税服务厅,24405071400,龙湖区城区办税服务厅,10302,20,91,5,0.92,11.15,182,85,0,20,43,23,23,3.5,24405070000,1,
332,广东省地税,惠州市,龙门县,龙门县南昆山办税服务厅,24413240400,龙门县南昆山办税服务厅,8010038,4,6,2,0,8.34,44,6,0,4,7,88,88,0,24413240000,3893,龙门县南昆山生态旅游区石河路
333,广东省地税,惠州市,龙门县,龙门县平陵办税服务厅,24413240200,龙门县平陵办税服务厅,8010037,7,2,0,0.19,1.02,33,3,0,7,11,4,4,0.1,24413240000,3891,龙门县平陵镇易发路3号
334,广东省地税,惠州市,龙门县,龙门县永汉办税服务厅,24413240900,龙门县永汉办税服务厅,8010039,5,17,3,0.47,5.83,97,17,0,5,9,1,1,2.3,24413240000,3898,龙门县永汉镇人民路57号
335,广东省地税,惠州市,龙门县,龙门县龙城办税服务厅,24413240100,龙门县龙城办税服务厅,510035,11,138,13,0.72,2.66,529,135,0,11,19,0,0,9.3,24413240000,3890,龙门县城迎宾大道(青溪路口)
336,广东省地税,惠州市,龙门县,龙门县龙潭办税服务厅,24413240600,龙门县龙潭办税服务厅,8010036,7,5,1,0.27,25.46,29,3,0,7,9,15,15,0.9,24413240000,3895,龙门县左潭镇左铁公路边
